id,first_name,last_name,email,gender,ip_address
1,Ranna,Pettipher,rpettipher0@indiatimes.com,Genderfluid,192.17.62.151
2,Jessika,Longcaster,jlongcaster1@51.la,Female,76.66.11.205
3,Ara,De Paoli,adepaoli2@sbwire.com,Male,188.59.104.139
4,Delmor,Ennew,dennew3@hc360.com,Male,194.42.179.102
5,Hanna,Cherry Holme,hcherryholme4@mlb.com,Female,173.15.53.32
6,Joseph,Challicombe,jchallicombe5@who.int,Male,18.27.239.76
7,Osmund,Geke,ogeke6@163.com,Male,186.205.172.181
8,Moe,Finlaison,mfinlaison7@mashable.com,Male,89.221.215.137
9,Shelton,O'Keaveny,sokeaveny8@ifeng.com,Male,76.9.189.104
10,Reinhard,Kaesmakers,rkaesmakers9@mail.ru,Male,52.32.154.90
11,Balduin,Gonneau,bgonneaua@rakuten.co.jp,Male,139.22.248.211
12,Marcia,Poate,mpoateb@pbs.org,Female,10.151.232.91
13,Dody,Guierre,dguierrec@nature.com,Female,161.223.174.87
14,Leia,Crebott,lcrebottd@exblog.jp,Female,211.156.59.162
15,Laina,Tackle,ltacklee@europa.eu,Female,108.209.224.116
16,Edik,Jacox,ejacoxf@feedburner.com,Male,203.84.35.19
17,Nariko,Brittan,nbrittang@home.pl,Female,126.54.139.226
18,Gerladina,Cristea,gcristeah@ocn.ne.jp,Female,21.247.25.167
19,Lolita,Romain,lromaini@marketwatch.com,Non-binary,154.32.224.29
20,Tilda,Tuplin,ttuplinj@mac.com,Female,132.169.224.2
21,Obidiah,Kinkade,okinkadek@java.com,Male,246.66.3.83
22,Antonio,Aistrop,aaistropl@behance.net,Male,13.153.62.201
23,Stella,Archbald,sarchbaldm@addtoany.com,Female,92.234.133.62
24,Shelden,Bircher,sbirchern@virginia.edu,Male,166.185.126.174
25,Lia,Kirman,lkirmano@unicef.org,Female,124.210.137.147
26,Marci,Buckston,mbuckstonp@apache.org,Female,126.48.187.10
27,Fredericka,Wilmington,fwilmingtonq@com.com,Female,174.240.209.196
28,Glen,Jotham,gjothamr@timesonline.co.uk,Male,17.137.1.92
29,Hadleigh,Rudsdell,hrudsdells@narod.ru,Male,179.86.225.8
30,Marian,Mounch,mmouncht@hud.gov,Female,179.79.103.39
31,Modestia,Braizier,mbraizieru@arstechnica.com,Female,101.211.89.205
32,Chrissy,Blaes,cblaesv@parallels.com,Male,156.66.220.162
33,Phylys,Pohls,ppohlsw@slate.com,Female,239.122.202.253
34,Ebenezer,Kamena,ekamenax@facebook.com,Male,217.34.234.38
35,Gloriane,Shay,gshayy@fda.gov,Bigender,76.39.203.148
36,Shelly,Hooke,shookez@technorati.com,Female,169.145.233.34
37,Gannon,Saberton,gsaberton10@accuweather.com,Male,217.254.8.99
38,Jolene,Beall,jbeall11@dailymail.co.uk,Female,37.180.34.45
39,Vaughn,Hendrikse,vhendrikse12@sogou.com,Genderfluid,209.45.192.224
40,Frazer,Yesenev,fyesenev13@cafepress.com,Genderqueer,166.116.147.159
41,Gradeigh,MacGaughie,gmacgaughie14@networksolutions.com,Male,65.220.36.62
42,Leonelle,Creddon,lcreddon15@cpanel.net,Female,51.69.100.15
43,Selma,Tubble,stubble16@nhs.uk,Female,183.90.238.28
44,Bryan,Dumbreck,bdumbreck17@digg.com,Male,129.102.161.236
45,Margareta,Leathley,mleathley18@boston.com,Female,186.249.129.100
46,Winston,Karolewski,wkarolewski19@blinklist.com,Male,129.21.152.204
47,Geoffrey,Lees,glees1a@oaic.gov.au,Male,131.13.23.123
48,Spenser,Wanklyn,swanklyn1b@de.vu,Male,125.4.163.14
49,Pearline,Whitticks,pwhitticks1c@time.com,Female,77.253.109.86
50,Timofei,Beiderbecke,tbeiderbecke1d@usatoday.com,Male,155.222.231.93
51,Annabal,Jealous,ajealous1e@skyrock.com,Female,34.229.151.2
52,Der,Pedlar,dpedlar1f@blogger.com,Male,222.183.250.251
53,Eilis,Lockie,elockie1g@state.tx.us,Female,73.169.210.9
54,Tressa,Eslie,teslie1h@theatlantic.com,Female,241.161.10.44
55,Ada,Offa,aoffa1i@artisteer.com,Genderqueer,59.225.185.100
56,Charles,McMeeking,cmcmeeking1j@vkontakte.ru,Male,92.123.151.36
57,Esta,Davison,edavison1k@instagram.com,Female,228.182.229.97
58,Reinaldos,Dulson,rdulson1l@jalbum.net,Male,61.95.139.180
59,Spencer,Butter,sbutter1m@e-recht24.de,Male,55.47.69.54
60,Merlina,Gerriets,mgerriets1n@telegraph.co.uk,Agender,172.61.1.137
61,Daniela,Quinney,dquinney1o@joomla.org,Female,79.44.159.59
62,Winn,Tullot,wtullot1p@php.net,Male,71.6.140.5
63,Lorain,Kinman,lkinman1q@thetimes.co.uk,Female,219.109.78.110
64,Elita,Juan,ejuan1r@wikia.com,Female,207.35.88.126
65,Kurt,Alliberton,kalliberton1s@state.tx.us,Male,56.24.98.202
66,Stacy,Streeten,sstreeten1t@dedecms.com,Male,123.203.76.216
67,Roley,Dey,rdey1u@nih.gov,Male,104.98.62.58
68,Siward,Kerrich,skerrich1v@marriott.com,Male,158.250.222.54
69,Rozanne,Mum,rmum1w@dion.ne.jp,Female,196.139.183.209
70,Roy,Stendell,rstendell1x@goo.ne.jp,Male,68.64.49.141
71,Penrod,Rosenboim,prosenboim1y@phoca.cz,Male,56.83.191.125
72,Bond,Stillwell,bstillwell1z@sfgate.com,Male,220.126.82.234
73,Judith,Gillimgham,jgillimgham20@ft.com,Female,189.13.1.152
74,Avrom,Duesbury,aduesbury21@imgur.com,Male,177.199.77.125
75,Virgil,Hardesty,vhardesty22@icq.com,Male,182.200.241.11
76,Clarence,Velareal,cvelareal23@ucoz.com,Male,161.44.152.206
77,Carce,Barker,cbarker24@weibo.com,Male,149.203.28.232
78,Florence,Burde,fburde25@nydailynews.com,Female,195.189.183.242
79,Chane,Richt,cricht26@i2i.jp,Agender,158.200.66.22
80,Roseann,Lamble,rlamble27@flavors.me,Female,148.190.254.141
81,Chrysa,Mattheus,cmattheus28@usa.gov,Female,133.249.115.35
82,Benn,Castilljo,bcastilljo29@deliciousdays.com,Male,5.119.18.35
83,Carlo,Goodson,cgoodson2a@usa.gov,Male,168.0.135.108
84,Grace,Coils,gcoils2b@japanpost.jp,Male,134.212.205.30
85,Reese,Trevan,rtrevan2c@sohu.com,Male,202.25.63.18
86,Gilly,Buss,gbuss2d@goo.gl,Female,14.235.136.237
87,Allissa,Redan,aredan2e@deviantart.com,Female,208.238.235.80
88,Zitella,Fairbeard,zfairbeard2f@goodreads.com,Non-binary,142.56.230.236
89,Joella,Mothersdale,jmothersdale2g@digg.com,Female,5.147.124.101
90,Kalina,Geake,kgeake2h@si.edu,Female,110.124.179.109
91,Kile,Rapley,krapley2i@weibo.com,Male,240.96.161.111
92,Terrence,Gownge,tgownge2j@lycos.com,Male,117.88.244.175
93,Gideon,Esparza,gesparza2k@google.com.au,Male,65.55.183.210
94,Arman,Fever,afever2l@sciencedirect.com,Male,44.94.58.71
95,Verla,Astbury,vastbury2m@guardian.co.uk,Female,10.55.170.93
96,Ancell,Jakeman,ajakeman2n@fc2.com,Male,249.102.33.5
97,Ferris,Gilfillan,fgilfillan2o@vkontakte.ru,Male,219.38.119.55
98,Kristoforo,Sybbe,ksybbe2p@google.co.uk,Male,207.34.105.54
99,Barbe,Temple,btemple2q@yellowbook.com,Female,142.123.81.226
100,Clywd,Jantet,cjantet2r@google.ca,Male,84.21.25.74
101,Iver,Penniall,ipenniall2s@yellowpages.com,Male,202.163.48.121
102,Carlyle,Reinbeck,creinbeck2t@opera.com,Male,211.234.201.204
103,Vickie,Loffhead,vloffhead2u@weebly.com,Female,243.141.65.74
104,Rica,Geal,rgeal2v@ifeng.com,Female,218.114.213.151
105,Bonni,Isgar,bisgar2w@salon.com,Female,201.15.218.171
106,Codie,Fihelly,cfihelly2x@symantec.com,Female,32.58.175.57
107,Gregorius,Tinto,gtinto2y@squidoo.com,Male,166.44.154.183
108,Carline,Torricina,ctorricina2z@bloglovin.com,Female,130.211.203.197
109,Jarid,Cottis,jcottis30@gnu.org,Male,227.82.235.48
110,Aksel,Lambole,alambole31@about.com,Male,173.85.213.38
111,Chick,Querrard,cquerrard32@alexa.com,Male,40.5.82.222
112,Henrik,Summers,hsummers33@amazon.co.uk,Male,136.57.167.51
113,Joyce,McPaik,jmcpaik34@bandcamp.com,Bigender,119.99.170.222
114,Niko,Enever,nenever35@scientificamerican.com,Male,17.99.248.195
115,Lizette,Faveryear,lfaveryear36@example.com,Polygender,147.44.165.48
116,Emelda,Balffye,ebalffye37@unblog.fr,Female,23.16.227.125
117,Hashim,Benoix,hbenoix38@redcross.org,Male,144.80.136.26
118,Ailis,Nicolson,anicolson39@shinystat.com,Female,31.84.3.96
119,Gino,Fayers,gfayers3a@umich.edu,Genderfluid,234.245.21.120
120,Jen,Alwin,jalwin3b@quantcast.com,Female,121.254.215.128
121,Rosita,Paige,rpaige3c@mit.edu,Female,223.85.223.77
122,Hastings,Dougary,hdougary3d@dailymotion.com,Male,153.20.32.150
123,Elicia,Andriesse,eandriesse3e@cloudflare.com,Female,21.152.245.95
124,Evelina,Percifer,epercifer3f@typepad.com,Female,60.64.255.218
125,Gannon,Tunny,gtunny3g@ehow.com,Male,166.143.53.149
126,Nicolas,Shayler,nshayler3h@naver.com,Male,161.10.178.158
127,Deborah,Handy,dhandy3i@unc.edu,Female,110.22.22.170
128,Nels,Clayfield,nclayfield3j@delicious.com,Male,226.28.22.49
129,Anjela,MacCurley,amaccurley3k@marketwatch.com,Female,51.23.197.198
130,Dana,Wheadon,dwheadon3l@dedecms.com,Female,190.12.140.32
131,Desi,Shawcross,dshawcross3m@rakuten.co.jp,Male,177.126.92.59
132,Tamiko,Bernardon,tbernardon3n@e-recht24.de,Female,69.147.196.113
133,Harman,Iannitti,hiannitti3o@admin.ch,Male,19.7.69.238
134,Jillian,Jan,jjan3p@diigo.com,Female,180.45.4.152
135,Alysia,Cloney,acloney3q@odnoklassniki.ru,Female,40.254.145.255
136,Kania,Hundley,khundley3r@dropbox.com,Female,109.39.161.167
137,Stevie,Simonitto,ssimonitto3s@ameblo.jp,Male,103.12.126.188
138,Isahella,Eaton,ieaton3t@mozilla.com,Female,65.19.219.157
139,Jodie,Paskerful,jpaskerful3u@uol.com.br,Male,196.173.33.79
140,Brnaba,Cornelleau,bcornelleau3v@51.la,Male,128.228.165.193
141,Micky,Stimpson,mstimpson3w@comcast.net,Male,97.203.106.189
142,Etta,Divisek,edivisek3x@imageshack.us,Female,222.3.49.180
143,Celine,Nolli,cnolli3y@wired.com,Female,187.70.245.186
144,Burnard,Lowe,blowe3z@e-recht24.de,Male,216.0.196.55
145,Yurik,Meehan,ymeehan40@blogspot.com,Male,11.69.106.169
146,Joby,Hedley,jhedley41@themeforest.net,Female,28.11.52.119
147,Shea,Symondson,ssymondson42@cdc.gov,Male,81.188.124.168
148,Hilde,Alejo,halejo43@dell.com,Female,228.213.101.193
149,Goldarina,Faunch,gfaunch44@zimbio.com,Female,17.73.176.149
150,Troy,Glaum,tglaum45@thetimes.co.uk,Male,36.56.56.108
151,Aron,Domenicone,adomenicone46@illinois.edu,Male,193.226.179.219
152,Sarene,Ellicombe,sellicombe47@admin.ch,Female,175.124.205.23
153,Cy,Kearsley,ckearsley48@pcworld.com,Male,171.250.52.62
154,Crosby,Streeton,cstreeton49@geocities.jp,Polygender,75.219.203.124
155,Yurik,Stiant,ystiant4a@marketwatch.com,Male,254.158.237.52
156,Pearla,Mussotti,pmussotti4b@zdnet.com,Female,92.107.192.122
157,Hailey,Beckmann,hbeckmann4c@furl.net,Male,174.233.122.5
158,Letizia,Antczak,lantczak4d@google.fr,Female,85.194.229.33
159,Dennie,Oxby,doxby4e@ycombinator.com,Male,83.239.98.67
160,Lola,Kleingrub,lkleingrub4f@kickstarter.com,Female,81.151.84.21
161,Radcliffe,Todeo,rtodeo4g@apple.com,Male,197.80.218.88
162,Reinwald,Jeschner,rjeschner4h@booking.com,Genderfluid,217.218.126.186
163,Julius,Scobbie,jscobbie4i@weather.com,Male,148.167.104.62
164,Francklyn,Peel,fpeel4j@adobe.com,Male,97.86.27.243
165,Nathanial,Shayes,nshayes4k@51.la,Male,209.39.106.15
166,Bale,Oubridge,boubridge4l@who.int,Male,99.191.116.197
167,Sally,Kulic,skulic4m@reverbnation.com,Female,171.34.80.216
168,Elysha,Brudenell,ebrudenell4n@eepurl.com,Genderqueer,70.131.255.25
169,Aundrea,Toby,atoby4o@woothemes.com,Agender,162.170.131.220
170,Florida,Penquet,fpenquet4p@technorati.com,Female,39.186.213.106
171,Albrecht,Aim,aaim4q@cmu.edu,Male,21.217.151.3
172,Mahala,Boughtflower,mboughtflower4r@ning.com,Genderfluid,6.108.136.120
173,Martie,Hymus,mhymus4s@reverbnation.com,Male,84.114.153.37
174,Riobard,Crookshanks,rcrookshanks4t@eepurl.com,Male,118.77.203.77
175,Timothea,Broe,tbroe4u@timesonline.co.uk,Female,122.127.157.252
176,Gage,Mee,gmee4v@hc360.com,Male,171.230.2.199
177,Ronnie,Watkiss,rwatkiss4w@shareasale.com,Male,86.69.85.247
178,Annice,Hassan,ahassan4x@networkadvertising.org,Female,64.114.28.20
179,Teddy,Antoniou,tantoniou4y@pagesperso-orange.fr,Male,31.187.174.181
180,Elvira,Stoffer,estoffer4z@mtv.com,Genderqueer,61.196.141.205
181,Elizabet,Proctor,eproctor50@state.gov,Female,83.249.9.180
182,Saunders,Maleney,smaleney51@123-reg.co.uk,Genderqueer,83.24.71.46
183,Lonnard,Foyston,lfoyston52@thetimes.co.uk,Male,146.164.127.9
184,Cristian,Quartley,cquartley53@stumbleupon.com,Male,248.49.147.7
185,Vernen,Manlow,vmanlow54@imdb.com,Male,124.75.24.175
186,Benedikta,Larderot,blarderot55@lulu.com,Agender,141.188.64.20
187,Ramon,O'Fihillie,rofihillie56@virginia.edu,Male,238.44.179.213
188,Lorene,Ferrario,lferrario57@ucoz.com,Female,220.61.87.136
189,Barton,Menary,bmenary58@google.ru,Male,209.184.119.89
190,Oralla,Pevsner,opevsner59@arstechnica.com,Female,169.200.97.112
191,Teodorico,Archbell,tarchbell5a@skype.com,Male,31.252.196.198
192,Vanna,Kerins,vkerins5b@examiner.com,Female,234.199.193.27
193,Ava,Rooms,arooms5c@state.gov,Female,131.65.230.24
194,Demetri,Antoniazzi,dantoniazzi5d@usgs.gov,Male,230.66.93.106
195,Starlin,Playfoot,splayfoot5e@ucoz.com,Female,85.134.157.213
196,Dannel,Matteucci,dmatteucci5f@chron.com,Male,241.177.189.21
197,Fianna,Dinsey,fdinsey5g@redcross.org,Female,164.27.8.227
198,Justinian,Sikora,jsikora5h@usatoday.com,Male,160.104.199.92
199,Chris,Lesaunier,clesaunier5i@google.it,Male,26.128.97.66
200,Tonie,Gowdridge,tgowdridge5j@wunderground.com,Female,139.221.20.20
201,Stanfield,Pawlik,spawlik5k@seesaa.net,Male,152.167.239.243
202,Mannie,Halleybone,mhalleybone5l@trellian.com,Male,76.104.250.210
203,Harald,Kubasiewicz,hkubasiewicz5m@indiatimes.com,Male,246.106.16.81
204,Thurston,Glencrosche,tglencrosche5n@theatlantic.com,Male,108.52.49.54
205,Pincus,Leete,pleete5o@wikispaces.com,Male,153.161.90.234
206,Noe,Ninnotti,nninnotti5p@chron.com,Male,182.138.206.144
207,Rosalie,Nuth,rnuth5q@unblog.fr,Female,253.137.38.88
208,Gerhardt,Kestell,gkestell5r@liveinternet.ru,Male,31.211.89.224
209,Townsend,Pree,tpree5s@joomla.org,Male,22.167.169.31
210,Merrill,Tothe,mtothe5t@google.pl,Female,167.221.215.98
211,Sarina,McGaughie,smcgaughie5u@ucoz.ru,Female,85.34.190.85
212,Angel,Dowbiggin,adowbiggin5v@godaddy.com,Male,245.109.246.115
213,Gardiner,Sidwick,gsidwick5w@macromedia.com,Male,186.237.13.198
214,Mercedes,Beeston,mbeeston5x@wikia.com,Female,202.142.58.12
215,Zitella,Piele,zpiele5y@photobucket.com,Female,223.122.128.51
216,Myron,Tunnow,mtunnow5z@hud.gov,Male,12.231.134.178
217,Grethel,Ramelet,gramelet60@google.com.br,Female,97.95.137.79
218,Erskine,Dittson,edittson61@springer.com,Bigender,48.229.197.59
219,Sher,Loch,sloch62@admin.ch,Female,146.199.43.83
220,Tris,Henri,thenri63@jimdo.com,Male,145.15.96.177
221,Aharon,Doward,adoward64@artisteer.com,Male,253.201.30.34
222,Mella,Doubleday,mdoubleday65@elpais.com,Female,179.181.181.117
223,Tracie,Overal,toveral66@upenn.edu,Male,14.176.148.9
224,Bearnard,Girauld,bgirauld67@webmd.com,Male,206.90.15.36
225,Clarabelle,Keggin,ckeggin68@forbes.com,Female,90.10.204.95
226,Jakie,Manass,jmanass69@biglobe.ne.jp,Male,209.92.18.20
227,Westleigh,Allnatt,wallnatt6a@imgur.com,Male,137.152.154.52
228,Brandais,Pelz,bpelz6b@unicef.org,Non-binary,21.228.71.117
229,Rivkah,Parken,rparken6c@4shared.com,Female,2.55.30.174
230,Sandy,Chapleo,schapleo6d@uiuc.edu,Male,200.191.182.103
231,Jocko,Whiteoak,jwhiteoak6e@state.gov,Male,42.228.82.117
232,Yasmin,Juden,yjuden6f@forbes.com,Female,193.231.40.96
233,Valle,Battle,vbattle6g@ucsd.edu,Male,101.83.100.67
234,Dewitt,Petley,dpetley6h@state.tx.us,Male,140.151.80.170
235,Bat,Ballintyne,bballintyne6i@mtv.com,Male,0.53.164.211
236,Emmet,Wraggs,ewraggs6j@apache.org,Male,247.91.39.144
237,Ulrica,Ladbury,uladbury6k@zimbio.com,Female,83.75.98.169
238,Ellary,Dayer,edayer6l@tmall.com,Male,75.239.245.54
239,Francene,Southey,fsouthey6m@google.ca,Female,246.31.34.126
240,Merralee,Franciottoi,mfranciottoi6n@infoseek.co.jp,Female,25.101.67.238
241,Bartlett,Brauninger,bbrauninger6o@amazonaws.com,Male,43.40.177.132
242,Lin,Calken,lcalken6p@disqus.com,Female,110.27.132.180
243,Rodrique,Yorkston,ryorkston6q@jimdo.com,Male,95.192.185.215
244,Kissiah,Hamby,khamby6r@ifeng.com,Female,148.107.183.172
245,Lancelot,MacNeely,lmacneely6s@amazon.com,Male,170.103.103.93
246,Tammy,Laurant,tlaurant6t@webmd.com,Male,234.19.199.130
247,Nathaniel,Trehearn,ntrehearn6u@berkeley.edu,Male,22.231.130.15
248,Kelci,Cordie,kcordie6v@sbwire.com,Genderqueer,240.137.176.167
249,Noel,Ronchi,nronchi6w@sfgate.com,Polygender,105.208.198.104
250,Olga,Crowche,ocrowche6x@sphinn.com,Female,83.233.37.179
251,Cyndia,Adam,cadam6y@netvibes.com,Female,18.156.210.95
252,Buddie,Gulberg,bgulberg6z@statcounter.com,Male,169.240.127.41
253,Averil,Tuohy,atuohy70@ocn.ne.jp,Genderqueer,0.136.9.196
254,Euphemia,Brigstock,ebrigstock71@weather.com,Female,196.238.245.201
255,Darby,Kirkpatrick,dkirkpatrick72@lulu.com,Female,43.217.208.105
256,Modestia,Rodrig,mrodrig73@xinhuanet.com,Female,55.80.125.48
257,Edik,Wickham,ewickham74@xrea.com,Male,91.53.40.18
258,Oneida,Calderon,ocalderon75@reddit.com,Female,43.31.106.143
259,Othelia,Zohrer,ozohrer76@tumblr.com,Female,224.231.42.71
260,Conni,Jarrad,cjarrad77@ow.ly,Female,154.225.55.167
261,Charisse,Signoret,csignoret78@multiply.com,Female,87.83.108.34
262,Tucky,Casaccia,tcasaccia79@wikipedia.org,Male,26.76.141.46
263,Abbott,Paling,apaling7a@whitehouse.gov,Male,104.68.175.92
264,Betsey,Rizzardi,brizzardi7b@umn.edu,Female,223.47.166.26
265,Donnell,Powdrill,dpowdrill7c@soup.io,Bigender,221.91.111.111
266,Erma,Rankin,erankin7d@instagram.com,Female,60.6.47.98
267,Jerome,Attridge,jattridge7e@ft.com,Male,90.43.73.28
268,Jud,Adolf,jadolf7f@thetimes.co.uk,Male,204.16.141.180
269,Davine,Stachini,dstachini7g@paginegialle.it,Female,27.60.192.248
270,Carmine,Keunemann,ckeunemann7h@yelp.com,Female,129.61.214.26
271,Vladimir,Shera,vshera7i@theguardian.com,Male,233.84.25.187
272,Arri,Eliot,aeliot7j@usa.gov,Male,139.197.90.98
273,Rhett,Steketee,rsteketee7k@ted.com,Non-binary,209.124.187.242
274,Sheridan,Lambol,slambol7l@blogger.com,Male,138.149.239.45
275,Raquela,Dyas,rdyas7m@bbb.org,Female,61.177.144.6
276,Hanna,Playhill,hplayhill7n@networkadvertising.org,Female,162.223.221.206
277,Omar,Tipple,otipple7o@umn.edu,Male,215.96.254.163
278,Vite,Eskriet,veskriet7p@sphinn.com,Male,87.105.154.228
279,Sadye,Stolle,sstolle7q@biblegateway.com,Female,93.173.136.12
280,Odele,Royall,oroyall7r@zimbio.com,Genderqueer,14.202.79.212
281,Merle,Minero,mminero7s@liveinternet.ru,Male,197.18.193.84
282,Curry,Stebbings,cstebbings7t@ibm.com,Male,134.118.235.62
283,Wendell,Sparshott,wsparshott7u@tripod.com,Male,245.24.133.62
284,Euell,Glave,eglave7v@last.fm,Non-binary,160.57.23.206
285,Elisabeth,Huscroft,ehuscroft7w@japanpost.jp,Female,0.151.139.101
286,Orion,Charlotte,ocharlotte7x@nasa.gov,Male,34.82.219.156
287,Isidro,Lowres,ilowres7y@seattletimes.com,Male,182.25.203.62
288,Kelly,Rudgley,krudgley7z@bigcartel.com,Male,226.203.204.125
289,Caitlin,Quadri,cquadri80@yahoo.co.jp,Polygender,124.142.62.44
290,Cornelia,Lornsen,clornsen81@census.gov,Female,33.130.30.203
291,Durward,Ibotson,dibotson82@tiny.cc,Male,118.113.197.207
292,Gaynor,Plain,gplain83@fema.gov,Bigender,10.64.27.55
293,Donalt,Melladew,dmelladew84@sciencedaily.com,Male,61.246.63.117
294,Dolf,Dunlap,ddunlap85@ted.com,Male,145.171.68.76
295,Daisie,Trobridge,dtrobridge86@jalbum.net,Female,172.43.24.110
296,Myranda,McGaugey,mmcgaugey87@bing.com,Female,129.55.121.248
297,Arnuad,Melin,amelin88@admin.ch,Male,236.136.66.87
298,Mycah,Evetts,mevetts89@army.mil,Male,132.67.89.174
299,Scotti,Deluze,sdeluze8a@webs.com,Male,189.129.220.151
300,Kendra,Gallehock,kgallehock8b@purevolume.com,Female,32.211.3.131
301,Hugo,Kershow,hkershow8c@webmd.com,Male,138.95.179.70
302,Taryn,Chivrall,tchivrall8d@t.co,Female,112.184.5.29
303,Glenn,Potticary,gpotticary8e@usa.gov,Female,11.144.237.171
304,Diahann,Wickliffe,dwickliffe8f@shop-pro.jp,Female,142.96.222.236
305,Thorin,Vasyunkin,tvasyunkin8g@alexa.com,Genderqueer,174.255.107.77
306,Henri,Scates,hscates8h@uiuc.edu,Male,0.50.222.173
307,Sabina,Muston,smuston8i@icq.com,Female,13.173.52.52
308,Birgit,Lowdes,blowdes8j@amazon.de,Genderfluid,180.196.186.70
309,Moise,Jacobovitz,mjacobovitz8k@gmpg.org,Male,115.73.59.169
310,Joline,Bungey,jbungey8l@xrea.com,Female,26.188.37.77
311,Golda,Fergusson,gfergusson8m@webnode.com,Female,39.188.183.20
312,Jocelyne,Van Dijk,jvandijk8n@mlb.com,Female,215.149.52.192
313,Nadiya,Cuppleditch,ncuppleditch8o@usda.gov,Female,59.150.240.235
314,Tallie,Wahncke,twahncke8p@deviantart.com,Male,17.228.212.122
315,Addy,Tidridge,atidridge8q@fda.gov,Male,214.236.1.19
316,Danny,Haylands,dhaylands8r@nasa.gov,Male,114.106.192.146
317,Albert,Vardon,avardon8s@usatoday.com,Male,253.227.164.197
318,Tanny,Dacombe,tdacombe8t@nature.com,Male,51.163.165.86
319,Christos,Sibylla,csibylla8u@theguardian.com,Male,226.194.49.130
320,Moishe,Stoney,mstoney8v@telegraph.co.uk,Male,0.255.25.3
321,Wendall,Labbey,wlabbey8w@addtoany.com,Male,48.176.4.89
322,Ivan,Badrock,ibadrock8x@cpanel.net,Non-binary,67.195.29.151
323,Wendel,Bracegirdle,wbracegirdle8y@mapy.cz,Male,125.136.71.40
324,Jdavie,Peyro,jpeyro8z@businessweek.com,Male,123.97.225.225
325,Benni,Fosh,bfosh90@naver.com,Female,63.143.56.159
326,Amabelle,Cavanaugh,acavanaugh91@weibo.com,Genderqueer,221.104.32.132
327,Vivianne,Sandey,vsandey92@nationalgeographic.com,Female,90.43.195.239
328,Norbert,Horsfield,nhorsfield93@mediafire.com,Male,243.47.143.234
329,Kassandra,Toe,ktoe94@elegantthemes.com,Female,92.1.55.6
330,Daron,Brasher,dbrasher95@sphinn.com,Female,194.63.120.243
331,Jobina,Risely,jrisely96@scribd.com,Female,7.213.81.224
332,Hardy,Guiden,hguiden97@linkedin.com,Male,123.170.8.150
333,Tessy,Dunham,tdunham98@com.com,Polygender,218.34.204.234
334,Daffi,Hariot,dhariot99@hibu.com,Female,134.235.153.219
335,Pierette,Lopez,plopez9a@unblog.fr,Female,232.113.204.38
336,Isa,Syson,isyson9b@bizjournals.com,Bigender,249.67.56.15
337,Rhody,Vatini,rvatini9c@cnn.com,Female,64.89.124.3
338,Lark,Vosse,lvosse9d@timesonline.co.uk,Female,14.43.63.249
339,Sheelagh,Maplethorpe,smaplethorpe9e@github.io,Female,156.123.30.149
340,Jarrid,Corkill,jcorkill9f@soup.io,Male,35.229.206.21
341,Harv,Neesham,hneesham9g@loc.gov,Male,241.72.17.251
342,Roderick,Shilling,rshilling9h@woothemes.com,Male,147.137.62.175
343,Karol,Mardee,kmardee9i@toplist.cz,Female,199.243.220.180
344,Norma,Mannix,nmannix9j@google.fr,Female,136.230.225.65
345,Ian,Skoof,iskoof9k@jugem.jp,Male,124.92.207.160
346,Gregoor,Spittles,gspittles9l@theatlantic.com,Male,158.121.40.183
347,Orrin,Gorgl,ogorgl9m@infoseek.co.jp,Male,72.61.76.52
348,Hamlin,Masding,hmasding9n@arizona.edu,Male,0.24.128.96
349,Adrianne,Ber,aber9o@telegraph.co.uk,Female,251.247.245.94
350,Cassandra,Harsent,charsent9p@google.ca,Female,74.238.236.47
351,Nadia,Skentelbery,nskentelbery9q@drupal.org,Female,153.140.90.133
352,Seward,Iacomettii,siacomettii9r@ow.ly,Male,143.193.14.74
353,Kendall,Evison,kevison9s@mozilla.org,Male,97.129.149.181
354,Ddene,Belitz,dbelitz9t@parallels.com,Female,183.227.192.210
355,Kathi,Orchard,korchard9u@senate.gov,Female,230.101.99.95
356,Mattias,Hulme,mhulme9v@devhub.com,Male,36.242.26.106
357,Brendan,Blazejewski,bblazejewski9w@csmonitor.com,Male,74.85.11.3
358,Sean,Matschke,smatschke9x@privacy.gov.au,Female,57.82.158.192
359,Edwin,Foresight,eforesight9y@clickbank.net,Male,36.190.61.232
360,Katlin,Kunisch,kkunisch9z@parallels.com,Female,5.165.59.73
361,Yettie,Kainz,ykainza0@stanford.edu,Female,37.0.236.140
362,Daryl,Kilbourn,dkilbourna1@tmall.com,Male,170.196.154.254
363,Abey,Hembrow,ahembrowa2@histats.com,Male,204.88.26.62
364,Harlie,Elcombe,helcombea3@dailymail.co.uk,Female,214.112.26.193
365,Zebulen,Hadrill,zhadrilla4@berkeley.edu,Male,228.213.34.4
366,Zebulen,Exall,zexalla5@google.fr,Male,69.223.121.190
367,Flossie,Culbert,fculberta6@sbwire.com,Female,142.201.146.253
368,Huntlee,Brewett,hbrewetta7@shutterfly.com,Male,92.245.166.163
369,Sigismundo,Novkovic,snovkovica8@t.co,Male,179.66.213.210
370,Harbert,Allchorn,hallchorna9@cpanel.net,Male,196.250.140.188
371,Artair,Hounson,ahounsonaa@zimbio.com,Male,126.139.164.241
372,Cinderella,Kiddle,ckiddleab@rambler.ru,Genderfluid,113.146.168.84
373,Penelopa,Cumine,pcumineac@vkontakte.ru,Female,189.28.6.180
374,Kerrin,Barstow,kbarstowad@a8.net,Female,143.99.198.11
375,Lynnelle,Simonsson,lsimonssonae@europa.eu,Bigender,121.140.96.39
376,Galvin,Saynor,gsaynoraf@amazon.co.jp,Male,235.141.57.143
377,Velma,Roast,vroastag@bbb.org,Female,54.139.60.198
378,Keelby,Northill,knorthillah@huffingtonpost.com,Male,228.247.174.117
379,Sheridan,Franceschelli,sfranceschelliai@google.com.br,Male,155.0.102.73
380,Alastair,Penswick,apenswickaj@multiply.com,Male,26.173.244.233
381,Jourdan,Artingstall,jartingstallak@gravatar.com,Female,149.152.100.153
382,Adria,Brisbane,abrisbaneal@hugedomains.com,Female,202.27.109.72
383,Merwin,Hafford,mhaffordam@opera.com,Male,68.28.130.188
384,Tabbi,Salvati,tsalvatian@flickr.com,Female,10.98.80.170
385,Rozele,Ferandez,rferandezao@independent.co.uk,Female,118.218.36.204
386,Baldwin,Fromont,bfromontap@ovh.net,Male,199.34.184.9
387,Jamie,Jeens,jjeensaq@mozilla.com,Female,237.73.177.99
388,Sheffield,Jime,sjimear@imdb.com,Male,122.207.129.37
389,Frasco,Portugal,fportugalas@netvibes.com,Male,29.153.228.124
390,Nellie,Whitley,nwhitleyat@businesswire.com,Female,99.180.150.22
391,Zorah,Sandeford,zsandefordau@arizona.edu,Female,52.56.134.208
392,Calvin,Coyle,ccoyleav@i2i.jp,Male,116.218.48.228
393,Giacobo,Bourner,gbourneraw@netscape.com,Polygender,101.90.196.249
394,Katina,Jadczak,kjadczakax@deviantart.com,Female,84.240.101.174
395,Galvan,Cleugher,gcleugheray@pinterest.com,Genderqueer,92.121.107.214
396,Ofella,Waleworke,owaleworkeaz@about.com,Polygender,77.162.67.189
397,Rudd,Hindshaw,rhindshawb0@printfriendly.com,Male,124.203.141.192
398,Ogden,Madigan,omadiganb1@i2i.jp,Male,153.219.248.155
399,Ugo,Lax,ulaxb2@imgur.com,Male,224.115.23.58
400,Hobie,Wheble,hwhebleb3@creativecommons.org,Male,69.36.206.229
401,Carl,Congram,ccongramb4@1688.com,Male,138.100.105.183
402,Tucker,Wheelan,twheelanb5@amazon.com,Male,237.63.165.201
403,Brianna,Heindl,bheindlb6@wisc.edu,Female,113.47.70.61
404,Maximilien,Gear,mgearb7@tripod.com,Male,236.43.49.76
405,Ogdon,Spray,osprayb8@salon.com,Male,231.30.88.153
406,Flossy,Beyn,fbeynb9@baidu.com,Female,165.122.125.25
407,Beverly,Skiplorne,bskiplorneba@xrea.com,Female,178.192.62.120
408,Marion,Benion,mbenionbb@dagondesign.com,Female,86.11.206.135
409,Gael,Branno,gbrannobc@live.com,Female,132.113.60.65
410,Eada,Fishley,efishleybd@elpais.com,Female,91.68.180.240
411,Margarita,Lawlee,mlawleebe@domainmarket.com,Genderqueer,116.100.17.130
412,Yalonda,Oddy,yoddybf@berkeley.edu,Female,94.43.246.217
413,Deck,Littleproud,dlittleproudbg@networksolutions.com,Male,252.70.42.95
414,Urson,Shuxsmith,ushuxsmithbh@sitemeter.com,Male,74.35.92.125
415,Hildy,McClymont,hmcclymontbi@sohu.com,Female,20.220.78.136
416,Rem,Gillooly,rgilloolybj@amazon.de,Male,13.250.225.252
417,Cecily,Crowdy,ccrowdybk@cbsnews.com,Genderqueer,12.105.55.76
418,Arlyne,Castillo,acastillobl@wunderground.com,Female,182.65.50.55
419,Iorgo,Petrasek,ipetrasekbm@deviantart.com,Male,58.34.13.187
420,Corbet,Thay,cthaybn@fda.gov,Male,22.153.151.169
421,Tate,Chrisp,tchrispbo@ed.gov,Female,9.245.127.37
422,Wadsworth,Archley,warchleybp@google.cn,Male,79.58.145.213
423,Nina,Lowdes,nlowdesbq@altervista.org,Female,202.152.88.214
424,Sandie,Hunnawill,shunnawillbr@homestead.com,Female,168.41.193.201
425,Aldon,Domange,adomangebs@4shared.com,Male,146.204.242.127
426,Agretha,Calafato,acalafatobt@pbs.org,Female,13.79.42.156
427,Charil,Trevascus,ctrevascusbu@163.com,Female,99.0.123.253
428,Doroteya,Piner,dpinerbv@dion.ne.jp,Female,4.42.171.100
429,Jania,Line,jlinebw@tinyurl.com,Female,2.53.140.106
430,Emily,Ocheltree,eocheltreebx@vimeo.com,Female,77.134.227.100
431,Keely,Runcieman,krunciemanby@go.com,Female,186.128.9.206
432,Alyson,Jerche,ajerchebz@ning.com,Female,136.11.177.200
433,Leonanie,Spadari,lspadaric0@vistaprint.com,Female,78.7.216.63
434,Scotty,Ogles,soglesc1@stanford.edu,Male,2.219.29.147
435,Harlin,Frandsen,hfrandsenc2@globo.com,Male,91.167.123.52
436,Reinwald,Beckingham,rbeckinghamc3@storify.com,Male,113.155.210.222
437,Zacharie,Hallwood,zhallwoodc4@1688.com,Male,191.227.180.46
438,Reider,Laundon,rlaundonc5@tripadvisor.com,Male,200.2.87.1
439,Hilton,Thornewill,hthornewillc6@trellian.com,Male,174.87.101.147
440,Siusan,Burdass,sburdassc7@noaa.gov,Female,214.132.74.10
441,Karmen,Imms,kimmsc8@jimdo.com,Female,126.230.163.217
442,Katina,Gallyon,kgallyonc9@springer.com,Female,206.125.248.247
443,Devy,Watson-Brown,dwatsonbrownca@friendfeed.com,Male,103.183.158.159
444,Stan,Prynne,sprynnecb@ted.com,Male,51.235.17.148
445,Domenico,McGlashan,dmcglashancc@eventbrite.com,Male,192.111.191.145
446,Hugibert,Bestman,hbestmancd@ox.ac.uk,Male,99.72.102.210
447,Karalee,Grzegorczyk,kgrzegorczykce@mozilla.com,Female,216.205.4.195
448,Ainsley,Snyder,asnydercf@newyorker.com,Female,160.149.59.80
449,Siusan,Renwick,srenwickcg@zimbio.com,Female,95.205.196.147
450,Sabine,Undrell,sundrellch@ameblo.jp,Female,48.149.165.95
451,Shandy,Searchfield,ssearchfieldci@spotify.com,Female,115.98.7.62
452,Tobiah,Seine,tseinecj@eepurl.com,Male,72.120.102.179
453,Herman,Castellanos,hcastellanosck@tripadvisor.com,Male,166.88.80.8
454,Sylas,Cable,scablecl@irs.gov,Male,91.33.248.200
455,Jolynn,Baker,jbakercm@creativecommons.org,Female,197.69.220.125
456,Kareem,Mulqueen,kmulqueencn@wikispaces.com,Male,164.113.211.48
457,Karrie,Feron,kferonco@princeton.edu,Female,156.180.86.190
458,Rudolf,Molden,rmoldencp@mayoclinic.com,Male,118.92.116.247
459,Jilli,Rolston,jrolstoncq@va.gov,Female,72.1.189.178
460,Gardie,Danilchik,gdanilchikcr@usa.gov,Male,45.198.90.195
461,Alina,Beers,abeerscs@utexas.edu,Female,204.153.113.117
462,Cchaddie,Jedrysik,cjedrysikct@hostgator.com,Male,64.255.233.180
463,Hebert,Varga,hvargacu@freewebs.com,Male,151.209.12.104
464,Foss,Meakin,fmeakincv@loc.gov,Male,11.132.103.139
465,Trevar,Fawcett,tfawcettcw@sogou.com,Male,87.67.144.214
466,Celene,Rollinshaw,crollinshawcx@shareasale.com,Female,99.237.132.205
467,Lenna,Pruckner,lprucknercy@europa.eu,Female,83.55.254.161
468,Madeline,Elcox,melcoxcz@php.net,Female,141.31.81.174
469,Osgood,Crufts,ocruftsd0@wsj.com,Male,218.24.38.27
470,Leigh,McGourty,lmcgourtyd1@washingtonpost.com,Male,232.81.115.74
471,Arlinda,Tapping,atappingd2@examiner.com,Female,120.128.40.87
472,El,Slyde,eslyded3@homestead.com,Male,15.84.156.163
473,Patrizius,Chase,pchased4@ed.gov,Male,182.149.17.39
474,Esteban,Roo,erood5@miibeian.gov.cn,Male,90.37.177.82
475,Marika,Pennycord,mpennycordd6@usa.gov,Female,69.23.23.113
476,Pail,Goldingay,pgoldingayd7@ezinearticles.com,Male,138.39.237.92
477,Stanford,Lendrem,slendremd8@nbcnews.com,Male,58.0.182.66
478,Reeba,Shipston,rshipstond9@tumblr.com,Female,48.86.63.206
479,Malinda,Mattessen,mmattessenda@answers.com,Female,239.81.98.153
480,Ivar,Bampkin,ibampkindb@a8.net,Male,126.118.177.235
481,Jethro,Aldous,jaldousdc@ox.ac.uk,Male,148.225.211.215
482,Ina,Roantree,iroantreedd@ezinearticles.com,Female,217.177.128.83
483,Karrie,De Filippis,kdefilippisde@psu.edu,Female,20.158.103.25
484,Augustine,Lorkins,alorkinsdf@xing.com,Male,81.59.135.7
485,Eveline,Kalaher,ekalaherdg@edublogs.org,Female,233.17.192.221
486,Eleonore,Le Maitre,elemaitredh@amazon.co.uk,Female,199.133.131.102
487,Christin,Bigadike,cbigadikedi@bluehost.com,Female,211.18.24.246
488,Orion,Askwith,oaskwithdj@java.com,Male,158.210.64.70
489,Mariska,Cato,mcatodk@scientificamerican.com,Female,186.115.95.218
490,Federico,Rydeard,frydearddl@shinystat.com,Male,178.245.120.104
491,Adriaens,Crenage,acrenagedm@amazon.de,Female,170.3.235.197
492,Margalit,Craise,mcraisedn@army.mil,Female,29.145.243.196
493,Lani,Boydon,lboydondo@patch.com,Female,188.237.115.158
494,Mikel,Tregensoe,mtregensoedp@quantcast.com,Male,210.175.244.68
495,Haze,MacMenamin,hmacmenamindq@java.com,Male,96.226.16.215
496,Cairistiona,Pena,cpenadr@umn.edu,Female,199.216.216.179
497,Bonnibelle,Allix,ballixds@state.gov,Female,214.142.155.144
498,Tisha,De Hooge,tdehoogedt@tiny.cc,Female,78.218.11.43
499,Tris,Nursey,tnurseydu@census.gov,Male,88.116.10.153
500,Kean,Dowsey,kdowseydv@lulu.com,Male,47.69.174.143
501,Manon,Fernant,mfernantdw@economist.com,Female,247.125.204.187
502,Ricardo,Taborre,rtaborredx@wordpress.com,Male,7.13.76.56
503,Gilligan,Nannetti,gnannettidy@nydailynews.com,Female,130.89.139.239
504,Nero,Slimm,nslimmdz@ovh.net,Male,237.2.239.29
505,Waldemar,Libby,wlibbye0@symantec.com,Male,90.195.85.59
506,Denni,Scamwell,dscamwelle1@tripadvisor.com,Female,55.144.222.10
507,Antonie,Agus,aaguse2@discovery.com,Female,154.113.26.36
508,Galvin,Harfleet,gharfleete3@theatlantic.com,Male,101.89.72.50
509,Merridie,Gligori,mgligorie4@booking.com,Female,253.105.255.200
510,Ellerey,Inglesent,einglesente5@ask.com,Male,195.105.159.0
511,Oralla,Crosskell,ocrosskelle6@usda.gov,Genderfluid,88.176.234.45
512,Betsey,Matura,bmaturae7@icq.com,Female,71.195.207.33
513,Rad,Griss,rgrisse8@ezinearticles.com,Male,176.192.165.5
514,Querida,Groarty,qgroartye9@netscape.com,Female,43.243.157.178
515,Allin,Eves,aevesea@prweb.com,Male,38.21.37.146
516,Donelle,Nutbeam,dnutbeameb@dmoz.org,Female,239.93.120.23
517,Gibb,Loseby,glosebyec@fda.gov,Male,194.188.217.161
518,Reinwald,Pretious,rpretioused@people.com.cn,Male,232.229.117.252
519,Cyrille,Swinnerton,cswinnertonee@accuweather.com,Male,205.47.239.57
520,Major,Filipov,mfilipovef@pinterest.com,Male,69.209.241.19
521,Kathi,Bax,kbaxeg@google.ca,Female,96.138.109.72
522,Mersey,Aston,mastoneh@webmd.com,Female,234.191.21.245
523,Alene,Rizzetti,arizzettiei@ebay.co.uk,Female,124.80.147.55
524,Jaimie,Spellman,jspellmanej@ucla.edu,Female,35.235.42.41
525,Pooh,Saxelby,psaxelbyek@etsy.com,Female,160.9.24.112
526,Kile,Rase,kraseel@yellowpages.com,Male,133.103.107.29
527,Perceval,Todd,ptoddem@livejournal.com,Male,10.205.117.74
528,Wade,Spykings,wspykingsen@a8.net,Male,76.67.251.238
529,Gabi,Mouland,gmoulandeo@toplist.cz,Genderqueer,127.3.10.96
530,Ola,Cahn,ocahnep@deviantart.com,Female,146.253.80.65
531,Desirae,Ablett,dabletteq@webmd.com,Female,135.135.221.123
532,Nicol,Rudeforth,nrudeforther@wsj.com,Female,121.65.107.201
533,Roberto,McGeachy,rmcgeachyes@arizona.edu,Male,151.30.48.97
534,Jocelyne,Bowstead,jbowsteadet@adobe.com,Female,18.185.119.120
535,Tobit,Freegard,tfreegardeu@cloudflare.com,Male,139.52.168.128
536,Ferd,Mc Curlye,fmccurlyeev@skyrock.com,Genderqueer,67.36.182.101
537,Lorine,Pottle,lpottleew@mlb.com,Female,180.45.84.140
538,Axel,Turneaux,aturneauxex@friendfeed.com,Male,52.86.134.173
539,Filippo,Alliberton,fallibertoney@furl.net,Agender,226.176.26.255
540,Gabriella,Baxandall,gbaxandallez@bizjournals.com,Polygender,171.232.50.5
541,Sherlocke,Minker,sminkerf0@umn.edu,Male,57.42.196.83
542,Ailee,Kilbourn,akilbournf1@hibu.com,Female,93.237.47.168
543,Kit,Jerson,kjersonf2@instagram.com,Female,231.198.111.189
544,Winnie,Beresford,wberesfordf3@simplemachines.org,Male,142.41.113.82
545,Linda,Stedson,lstedsonf4@shareasale.com,Agender,192.41.25.161
546,Vere,Rabson,vrabsonf5@hc360.com,Female,122.250.233.157
547,Elwira,Webben,ewebbenf6@globo.com,Female,29.28.175.170
548,Chrissy,Mainds,cmaindsf7@yellowpages.com,Female,157.113.128.228
549,Ag,Goreway,agorewayf8@trellian.com,Female,109.16.239.102
550,Balduin,Drakard,bdrakardf9@statcounter.com,Male,217.154.12.102
551,Rickard,Sokill,rsokillfa@psu.edu,Male,86.19.185.179
552,Terence,Beange,tbeangefb@edublogs.org,Male,69.176.12.241
553,Blanca,Hudleston,bhudlestonfc@canalblog.com,Female,239.186.219.62
554,Bengt,Scarratt,bscarrattfd@loc.gov,Male,6.166.24.79
555,Lenna,Di Nisco,ldiniscofe@psu.edu,Female,119.249.179.236
556,Fanchon,Dran,fdranff@booking.com,Agender,223.190.21.10
557,Serena,Yter,syterfg@furl.net,Female,115.126.202.180
558,Harrietta,Baress,hbaressfh@goodreads.com,Female,199.150.205.251
559,Jamey,Biasini,jbiasinifi@sogou.com,Male,16.35.155.31
560,Sal,Calvey,scalveyfj@blogspot.com,Male,169.252.233.120
561,Ludovico,Campey,lcampeyfk@blogs.com,Male,53.101.151.252
562,Cheri,Behning,cbehningfl@pcworld.com,Female,43.242.104.46
563,Michaeline,Knapper,mknapperfm@typepad.com,Female,68.69.74.249
564,Lauritz,Janicek,ljanicekfn@joomla.org,Male,149.245.128.86
565,Eba,Olivia,eoliviafo@netscape.com,Female,213.12.183.201
566,Candide,Derisley,cderisleyfp@blogger.com,Female,6.70.20.147
567,Cornell,Cowope,ccowopefq@xrea.com,Male,108.66.165.155
568,Putnam,Mansell,pmansellfr@cafepress.com,Male,42.5.69.170
569,Brendan,Pole,bpolefs@stumbleupon.com,Agender,63.241.125.244
570,Arch,Velte,avelteft@hostgator.com,Non-binary,104.62.130.213
571,Darell,Jorge,djorgefu@mtv.com,Female,155.121.216.193
572,Lyndsey,Tilliards,ltilliardsfv@amazon.co.jp,Female,136.151.247.253
573,Newton,Quig,nquigfw@bbb.org,Male,164.253.126.90
574,Tawnya,Ruttgers,truttgersfx@list-manage.com,Female,19.112.243.121
575,Royce,Paulus,rpaulusfy@uol.com.br,Male,175.246.1.81
576,Edythe,Aldie,ealdiefz@alexa.com,Female,188.146.126.126
577,August,MacQuist,amacquistg0@csmonitor.com,Male,228.54.33.151
578,Nicholle,Flahive,nflahiveg1@vistaprint.com,Female,11.143.228.178
579,Rosella,Baughen,rbaugheng2@goo.gl,Female,38.164.228.242
580,Fancy,Rapa,frapag3@illinois.edu,Female,58.175.67.243
581,Jemimah,Kemwall,jkemwallg4@ox.ac.uk,Female,156.5.155.24
582,Raoul,Hessentaler,rhessentalerg5@nsw.gov.au,Male,7.208.156.108
583,Toddy,Daly,tdalyg6@constantcontact.com,Male,135.31.114.156
584,Yves,Kippen,ykippeng7@cbslocal.com,Male,235.125.71.12
585,Constantine,McKinlay,cmckinlayg8@free.fr,Male,227.237.220.119
586,Curran,Girardot,cgirardotg9@businessinsider.com,Genderfluid,140.255.205.96
587,Felicio,Antony,fantonyga@sfgate.com,Male,22.232.140.12
588,Brand,Akenhead,bakenheadgb@home.pl,Male,252.117.157.155
589,Lyle,Heinemann,lheinemanngc@wired.com,Male,235.219.186.54
590,Jeth,Taynton,jtayntongd@cnbc.com,Bigender,202.156.190.245
591,Kalil,Berka,kberkage@usatoday.com,Male,99.99.221.196
592,Salome,Kernaghan,skernaghangf@prweb.com,Female,245.151.48.249
593,Bell,Schwerin,bschweringg@nymag.com,Female,2.167.216.165
594,Eddi,Stallworthy,estallworthygh@amazon.de,Female,244.82.206.55
595,Lynda,Melendez,lmelendezgi@discuz.net,Genderfluid,205.218.188.197
596,Arline,Hartzogs,ahartzogsgj@cmu.edu,Female,158.141.59.208
597,Marthena,Bullivent,mbulliventgk@indiegogo.com,Female,74.163.3.119
598,Carolus,Piser,cpisergl@dion.ne.jp,Male,43.85.110.250
599,Luci,Tyzack,ltyzackgm@dagondesign.com,Female,133.107.46.152
600,Pail,Tetsall,ptetsallgn@photobucket.com,Male,92.164.144.227
601,Gabriel,Gummie,ggummiego@privacy.gov.au,Female,104.30.6.44
602,Saundra,Brotherton,sbrothertongp@samsung.com,Male,37.222.26.179
603,Austen,Carah,acarahgq@meetup.com,Male,162.203.58.47
604,Uriel,Gaynor,ugaynorgr@blogtalkradio.com,Male,193.200.8.243
605,Kimberly,Ciccottio,kciccottiogs@linkedin.com,Female,158.163.148.221
606,Tymothy,Stenbridge,tstenbridgegt@vistaprint.com,Male,129.143.67.245
607,Allys,Borzoni,aborzonigu@un.org,Female,250.204.34.182
608,Llewellyn,Louder,lloudergv@over-blog.com,Male,73.55.52.120
609,Garnet,Kohrt,gkohrtgw@slideshare.net,Female,229.251.253.185
610,Lil,Alyonov,lalyonovgx@exblog.jp,Genderfluid,200.136.137.191
611,Arielle,Litherland,alitherlandgy@hhs.gov,Female,149.84.4.223
612,Ferris,Swaton,fswatongz@hostgator.com,Polygender,174.189.161.112
613,Grantham,Josovitz,gjosovitzh0@ustream.tv,Polygender,90.115.229.13
614,Mathe,Martinolli,mmartinollih1@over-blog.com,Male,21.104.139.149
615,Jsandye,Rossetti,jrossettih2@instagram.com,Female,71.29.232.0
616,Betteanne,Hebard,bhebardh3@dell.com,Female,3.15.175.247
617,Bar,Rafe,brafeh4@google.fr,Male,20.212.118.96
618,Teressa,Dahlberg,tdahlbergh5@google.ru,Female,82.3.84.22
619,Chicky,Hodinton,chodintonh6@wikispaces.com,Male,170.224.247.158
620,Wade,Kinchley,wkinchleyh7@shutterfly.com,Male,40.191.76.101
621,Stewart,Jeeves,sjeevesh8@psu.edu,Male,216.136.137.200
622,Far,Scandrett,fscandretth9@merriam-webster.com,Male,186.118.237.101
623,Rance,Sappell,rsappellha@qq.com,Male,92.117.53.184
624,Hyacinthe,Swannell,hswannellhb@constantcontact.com,Female,48.196.139.83
625,Karol,Deavall,kdeavallhc@uol.com.br,Female,115.250.233.155
626,Millard,Cringle,mcringlehd@admin.ch,Male,159.76.215.114
627,Clara,Tschiersch,ctschierschhe@exblog.jp,Female,3.3.182.40
628,Aurore,Praten,apratenhf@infoseek.co.jp,Female,89.24.155.12
629,Fanya,Mixter,fmixterhg@dropbox.com,Female,54.33.47.50
630,Pascal,Falks,pfalkshh@weibo.com,Male,177.211.103.78
631,Fred,Ragate,fragatehi@cdc.gov,Agender,2.69.196.201
632,Norina,Steeden,nsteedenhj@prweb.com,Female,240.98.127.168
633,Gertrud,Youens,gyouenshk@answers.com,Female,101.24.70.166
634,Almeria,Micheau,amicheauhl@usnews.com,Female,145.243.244.219
635,Rozamond,Greenman,rgreenmanhm@51.la,Female,36.69.12.89
636,Rollo,Gainfort,rgainforthn@usnews.com,Male,64.106.221.6
637,Maxim,Linny,mlinnyho@godaddy.com,Male,106.105.66.52
638,Charleen,Giacobini,cgiacobinihp@cocolog-nifty.com,Female,127.120.72.131
639,Flin,Madill,fmadillhq@statcounter.com,Male,10.54.41.130
640,Frasquito,Penning,fpenninghr@redcross.org,Male,53.93.65.87
641,Delilah,Fitchell,dfitchellhs@un.org,Female,229.116.5.20
642,Raoul,Scoggin,rscogginht@blogtalkradio.com,Male,76.48.84.45
643,Aloysia,MacRinn,amacrinnhu@microsoft.com,Female,120.192.32.42
644,Ailyn,Moodey,amoodeyhv@yellowpages.com,Female,4.194.47.252
645,Maxwell,Glyn,mglynhw@cnn.com,Male,169.175.144.157
646,Charlton,Rheam,crheamhx@booking.com,Male,109.93.88.185
647,Tessi,Lentsch,tlentschhy@cargocollective.com,Female,47.134.214.198
648,Garreth,Gytesham,ggyteshamhz@cnet.com,Male,66.34.124.248
649,Barrett,Deeny,bdeenyi0@blogtalkradio.com,Male,247.62.38.174
650,Freddy,Pestricke,fpestrickei1@miibeian.gov.cn,Male,54.110.36.235
651,Anette,Dart,adarti2@slate.com,Female,154.199.68.117
652,Violette,Kemmish,vkemmishi3@usgs.gov,Female,42.124.32.82
653,Rudolfo,Garred,rgarredi4@blogtalkradio.com,Male,61.53.241.135
654,Petr,Peagrim,ppeagrimi5@nature.com,Male,141.37.85.156
655,Deane,Eva,devai6@nationalgeographic.com,Bigender,253.51.54.239
656,Mag,Barry,mbarryi7@comsenz.com,Female,20.149.228.193
657,Janeen,Doiley,jdoileyi8@businessweek.com,Female,110.173.129.67
658,Edvard,Huckabe,ehuckabei9@arizona.edu,Male,47.215.31.140
659,Dario,Stack,dstackia@flickr.com,Male,186.141.223.196
660,Bruno,Yelland,byellandib@pagesperso-orange.fr,Male,135.106.146.15
661,Alvan,Pashbee,apashbeeic@va.gov,Male,46.134.221.197
662,Jasen,Flipsen,jflipsenid@marketwatch.com,Male,53.231.229.206
663,Alexander,Venes,avenesie@slate.com,Male,138.214.83.26
664,Trix,Pegden,tpegdenif@posterous.com,Female,255.158.175.99
665,Alphonse,Ruffles,arufflesig@yellowbook.com,Male,13.58.13.17
666,Artus,Loins,aloinsih@indiegogo.com,Male,105.124.88.149
667,Tybi,Waskett,twaskettii@nhs.uk,Female,189.180.113.152
668,Sharron,Scarsbrooke,sscarsbrookeij@privacy.gov.au,Female,156.104.249.17
669,Rowena,Perfect,rperfectik@aol.com,Female,199.49.27.135
670,Sayer,Reddle,sreddleil@rediff.com,Male,10.107.45.56
671,Elka,Faichnie,efaichnieim@networksolutions.com,Non-binary,45.127.50.89
672,Davie,Cuff,dcuffin@canalblog.com,Male,112.25.90.41
673,Hersh,Penzer,hpenzerio@dropbox.com,Male,212.139.1.53
674,Casandra,Ellens,cellensip@vistaprint.com,Female,85.172.10.79
675,Hartwell,Heynen,hheyneniq@elpais.com,Male,1.187.232.89
676,Koo,Smale,ksmaleir@studiopress.com,Female,234.169.122.201
677,Liliane,Duckerin,lduckerinis@squarespace.com,Polygender,20.66.54.144
678,Bartel,Dunkerk,bdunkerkit@github.com,Male,174.89.76.18
679,Giffy,Luno,glunoiu@discuz.net,Male,190.63.119.229
680,Dannel,Ewins,dewinsiv@oracle.com,Male,165.122.152.67
681,Dreddy,Dumphy,ddumphyiw@gnu.org,Polygender,43.95.246.53
682,Maegan,Raddan,mraddanix@google.nl,Female,43.71.125.88
683,Chrisy,todor,ctodoriy@earthlink.net,Male,33.80.123.219
684,Katine,Lissett,klissettiz@myspace.com,Female,51.123.33.248
685,Lionel,Standbrook,lstandbrookj0@ebay.co.uk,Male,115.118.182.117
686,Joel,Evemy,jevemyj1@cafepress.com,Male,58.196.57.113
687,Sigmund,Pass,spassj2@yelp.com,Male,52.131.115.135
688,Lonee,Penna,lpennaj3@cloudflare.com,Female,100.93.98.124
689,Kelsey,Everix,keverixj4@webnode.com,Male,139.43.176.170
690,Shelby,Esland,seslandj5@exblog.jp,Male,249.167.55.69
691,Mead,Westman,mwestmanj6@aboutads.info,Female,156.8.17.156
692,Madeleine,Gerauld,mgerauldj7@gizmodo.com,Female,249.100.208.81
693,Colas,Ricardin,cricardinj8@google.cn,Agender,85.79.40.180
694,Angelle,Jacomb,ajacombj9@java.com,Female,168.80.65.78
695,Willard,Mallatratt,wmallatrattja@abc.net.au,Male,221.202.81.146
696,Francisca,Vedenisov,fvedenisovjb@washington.edu,Female,42.56.5.165
697,Nicko,McMeyler,nmcmeylerjc@unesco.org,Male,46.97.145.83
698,Izak,Kun,ikunjd@elpais.com,Male,200.228.35.120
699,Decca,Kill,dkillje@independent.co.uk,Male,230.95.167.96
700,Pauli,Ousby,pousbyjf@spotify.com,Female,84.31.215.217
701,Cecilla,Paladino,cpaladinojg@dailymail.co.uk,Female,244.89.220.106
702,Thornton,Tricker,ttrickerjh@issuu.com,Bigender,140.148.36.136
703,Chad,Chessill,cchessillji@howstuffworks.com,Female,45.193.123.6
704,Zelma,Ortsmann,zortsmannjj@unc.edu,Female,105.155.30.226
705,Debi,Barbosa,dbarbosajk@weebly.com,Female,38.194.250.200
706,Kalila,Leyborne,kleybornejl@mapquest.com,Female,67.83.218.125
707,Spence,Vickers,svickersjm@google.com.au,Male,6.98.236.6
708,Ferdy,Hanway,fhanwayjn@msu.edu,Male,213.14.197.95
709,Marthena,Attenborrow,mattenborrowjo@booking.com,Female,203.248.235.13
710,Filberto,Dunlap,fdunlapjp@google.pl,Male,42.199.29.27
711,Sayre,Bestwick,sbestwickjq@alibaba.com,Female,133.242.39.217
712,Valle,Lyard,vlyardjr@blogs.com,Male,0.8.101.219
713,Gayelord,Clyne,gclynejs@networksolutions.com,Male,186.243.85.113
714,Alec,MacFadzean,amacfadzeanjt@facebook.com,Male,89.175.153.14
715,Dael,Del Monte,ddelmonteju@people.com.cn,Male,92.80.134.52
716,Roxanna,Bassano,rbassanojv@i2i.jp,Female,249.102.220.134
717,Selby,Sifleet,ssifleetjw@cyberchimps.com,Male,186.209.55.234
718,Shem,Pickless,spicklessjx@webeden.co.uk,Male,217.184.193.29
719,Drake,Castelow,dcastelowjy@netscape.com,Male,18.255.35.119
720,Shalom,Nelane,snelanejz@nature.com,Male,200.67.80.96
721,Debee,Bartolini,dbartolinik0@joomla.org,Female,34.77.117.46
722,Benjamin,Westmore,bwestmorek1@nydailynews.com,Male,54.210.23.100
723,Korey,Oliphand,koliphandk2@dyndns.org,Male,143.162.42.95
724,Carma,Tukely,ctukelyk3@wisc.edu,Bigender,120.122.42.37
725,Daron,Rogan,drogank4@mashable.com,Male,234.184.169.133
726,Desi,Weth,dwethk5@g.co,Male,246.30.3.244
727,Valdemar,Kennelly,vkennellyk6@quantcast.com,Male,110.202.196.81
728,Cyrillus,Dimeloe,cdimeloek7@globo.com,Male,157.40.63.80
729,Alena,Hofer,ahoferk8@theguardian.com,Female,158.208.61.29
730,Xenos,Farnill,xfarnillk9@google.pl,Male,163.54.252.238
731,Rebecka,Gegg,rgeggka@de.vu,Agender,38.249.206.176
732,Idaline,McAllester,imcallesterkb@blogtalkradio.com,Female,69.153.34.84
733,Bridgette,Tregensoe,btregensoekc@cornell.edu,Female,212.180.255.76
734,Aline,Whawell,awhawellkd@cisco.com,Female,233.141.165.157
735,Otho,Refford,oreffordke@creativecommons.org,Male,243.202.54.97
736,Archambault,Fogt,afogtkf@time.com,Male,207.248.92.186
737,Hedwig,Weepers,hweeperskg@imageshack.us,Female,115.99.201.162
738,Minny,Kenefick,mkenefickkh@behance.net,Female,175.213.114.95
739,Livia,Salery,lsaleryki@wiley.com,Female,139.8.161.224
740,Brooks,Powling,bpowlingkj@google.de,Male,229.16.186.121
741,Darda,Buey,dbueykk@drupal.org,Female,239.131.36.227
742,Mikey,Palphramand,mpalphramandkl@hubpages.com,Genderfluid,143.101.19.27
743,Kiley,Satterthwaite,ksatterthwaitekm@blog.com,Male,51.118.11.69
744,Brody,Arch,barchkn@independent.co.uk,Male,136.147.211.247
745,Terrijo,Renhard,trenhardko@noaa.gov,Female,67.120.116.246
746,Tommie,Bourdis,tbourdiskp@prweb.com,Male,255.243.105.89
747,Brandea,Dilks,bdilkskq@washington.edu,Female,102.83.86.184
748,Hewett,Rathmell,hrathmellkr@ebay.co.uk,Male,34.90.31.119
749,Max,Ambrosio,mambrosioks@merriam-webster.com,Male,80.60.210.51
750,Bryn,Odegaard,bodegaardkt@state.gov,Male,208.253.173.45
751,Tamara,Daleman,tdalemanku@example.com,Female,170.254.171.142
752,Ailbert,Gander,aganderkv@multiply.com,Male,217.199.110.68
753,Mirabel,Rayment,mraymentkw@hexun.com,Female,203.190.53.16
754,Lucky,Roscher,lroscherkx@issuu.com,Female,101.0.22.44
755,Abbie,Tite,atiteky@prlog.org,Female,170.113.44.122
756,Leonora,Geroldini,lgeroldinikz@youtu.be,Female,216.133.196.135
757,Kathryne,Bulteel,kbulteell0@java.com,Female,191.172.24.18
758,Lauralee,Bellee,lbelleel1@aol.com,Female,9.33.223.189
759,Christos,Redgrove,credgrovel2@blog.com,Male,240.68.114.86
760,Dorthy,Lensch,dlenschl3@squidoo.com,Female,207.211.217.180
761,Kristien,Kumar,kkumarl4@cbsnews.com,Female,190.94.6.193
762,Darin,Girdlestone,dgirdlestonel5@multiply.com,Male,141.39.153.236
763,Nichols,Cuttles,ncuttlesl6@cisco.com,Male,220.220.214.23
764,Nicola,Breslane,nbreslanel7@jalbum.net,Female,194.77.99.151
765,Jordan,Signore,jsignorel8@adobe.com,Male,234.3.18.187
766,Crissy,Capel,ccapell9@nydailynews.com,Female,170.202.225.163
767,Alphonse,Lazarus,alazarusla@gravatar.com,Male,230.140.158.126
768,Daryl,Francesconi,dfrancesconilb@ning.com,Male,210.59.143.24
769,Drucy,Garms,dgarmslc@cnbc.com,Female,237.18.185.170
770,Wood,Linkie,wlinkield@theguardian.com,Male,241.77.153.104
771,Darrel,Billingsley,dbillingsleyle@yelp.com,Male,140.208.238.6
772,Yolanda,Speariett,yspeariettlf@patch.com,Female,138.194.76.187
773,Estell,Twelvetrees,etwelvetreeslg@msu.edu,Female,25.102.104.62
774,Anitra,Teresia,ateresialh@typepad.com,Female,25.155.197.74
775,Chastity,Gudd,cguddli@ucoz.ru,Female,34.43.200.168
776,Raimund,Kitchin,rkitchinlj@chron.com,Male,57.116.75.148
777,Suzy,Bearham,sbearhamlk@sbwire.com,Female,228.102.200.107
778,Farrand,Belden,fbeldenll@altervista.org,Agender,72.192.65.218
779,Dorie,Mully,dmullylm@mashable.com,Polygender,24.23.26.148
780,Schuyler,Braycotton,sbraycottonln@mlb.com,Male,114.6.253.183
781,Vida,Levens,vlevenslo@fc2.com,Female,132.205.95.186
782,Damita,Martensen,dmartensenlp@si.edu,Female,241.29.200.177
783,Hallsy,Keyhoe,hkeyhoelq@google.com,Agender,158.130.231.207
784,Debra,Pridgeon,dpridgeonlr@salon.com,Female,229.98.180.233
785,Magnum,Chappel,mchappells@rediff.com,Non-binary,122.173.128.7
786,Burt,Kunisch,bkunischlt@hhs.gov,Male,253.24.22.153
787,Darby,Cartan,dcartanlu@feedburner.com,Polygender,181.234.237.248
788,Raymund,Croasdale,rcroasdalelv@last.fm,Male,126.96.106.171
789,Cortney,Samuels,csamuelslw@deliciousdays.com,Female,43.181.210.56
790,Arte,Reader,areaderlx@linkedin.com,Male,30.155.96.49
791,Edmund,Jiroudek,ejiroudekly@usnews.com,Genderfluid,159.30.50.174
792,Jakob,MacGray,jmacgraylz@github.io,Male,112.98.134.148
793,Jenni,Boyson,jboysonm0@amazon.com,Female,121.153.76.61
794,Montgomery,Feifer,mfeiferm1@last.fm,Male,112.177.9.10
795,Adina,Pleaden,apleadenm2@thetimes.co.uk,Female,16.204.85.106
796,Kane,Georgeot,kgeorgeotm3@mac.com,Male,132.87.85.124
797,Jilleen,McMennum,jmcmennumm4@about.com,Female,62.63.48.223
798,Vern,Oakenfall,voakenfallm5@constantcontact.com,Male,197.15.167.123
799,Fabiano,Carah,fcarahm6@statcounter.com,Male,8.165.72.19
800,Gert,Frape,gfrapem7@apple.com,Female,240.243.242.131
801,Emili,McLucky,emcluckym8@vistaprint.com,Female,110.36.184.169
802,Shena,Shobbrook,sshobbrookm9@ovh.net,Female,111.23.143.23
803,Gilli,Beals,gbealsma@google.pl,Female,241.158.73.148
804,Gwendolen,Longmead,glongmeadmb@google.ru,Female,226.247.96.15
805,Sal,Bungey,sbungeymc@newyorker.com,Male,6.64.233.93
806,Gibb,Halwill,ghalwillmd@bluehost.com,Bigender,76.183.10.46
807,Sher,McCallister,smccallisterme@soundcloud.com,Female,16.75.92.234
808,Obediah,Domoney,odomoneymf@jugem.jp,Male,84.255.236.239
809,Merola,Dewen,mdewenmg@boston.com,Female,228.224.132.114
810,Judon,Fawthrop,jfawthropmh@t.co,Bigender,46.107.27.208
811,Arlene,Diffley,adiffleymi@360.cn,Female,126.189.14.201
812,Scotty,Chrichton,schrichtonmj@oakley.com,Male,170.109.240.247
813,Letti,Norsworthy,lnorsworthymk@aol.com,Female,184.40.90.99
814,Myron,Grason,mgrasonml@so-net.ne.jp,Male,21.233.118.125
815,Janetta,Mulvaney,jmulvaneymm@360.cn,Polygender,222.215.170.221
816,Bengt,Mence,bmencemn@creativecommons.org,Male,106.30.213.152
817,Gabbey,Brassill,gbrassillmo@hc360.com,Female,155.3.251.165
818,Eduard,Domanek,edomanekmp@epa.gov,Male,107.185.249.243
819,Tresa,Poundford,tpoundfordmq@timesonline.co.uk,Female,28.11.194.214
820,Nate,Hemeret,nhemeretmr@dailymail.co.uk,Male,111.39.185.130
821,Dirk,Thomas,dthomasms@slate.com,Male,227.116.20.48
822,Ruprecht,Blaxley,rblaxleymt@hp.com,Male,72.116.219.67
823,Connie,Holliar,cholliarmu@wix.com,Male,4.192.84.14
824,Kiel,Stirley,kstirleymv@forbes.com,Bigender,122.13.129.243
825,Yetty,Emanuele,yemanuelemw@java.com,Female,228.181.79.13
826,Edouard,Sinton,esintonmx@blogger.com,Male,94.103.53.57
827,Ellsworth,Mazzia,emazziamy@biglobe.ne.jp,Male,55.115.10.148
828,Mic,Bernot,mbernotmz@mtv.com,Male,162.65.25.67
829,Wait,Novill,wnovilln0@joomla.org,Male,144.1.136.77
830,Jeni,Dake,jdaken1@cam.ac.uk,Female,102.172.89.204
831,Jaquelin,Chestle,jchestlen2@quantcast.com,Female,240.194.8.178
832,Issi,Froment,ifromentn3@washingtonpost.com,Genderqueer,254.244.125.89
833,Ronnie,Carnegie,rcarnegien4@gmpg.org,Male,170.124.238.108
834,Emile,Deam,edeamn5@sogou.com,Male,253.215.146.23
835,Gabbie,Flay,gflayn6@state.gov,Female,29.120.9.128
836,Denis,Seczyk,dseczykn7@pen.io,Non-binary,141.115.143.58
837,Iorgos,Annion,iannionn8@simplemachines.org,Male,19.232.208.109
838,Shea,Tournay,stournayn9@domainmarket.com,Genderqueer,102.165.229.180
839,Jess,Speares,jspearesna@cbslocal.com,Male,30.45.59.178
840,Agnella,Darnbrough,adarnbroughnb@unicef.org,Female,147.236.110.248
841,Carin,Toolin,ctoolinnc@baidu.com,Female,133.95.157.37
842,Graeme,Barton,gbartonnd@amazon.de,Male,214.58.179.85
843,Rodrique,Mazzey,rmazzeyne@wikimedia.org,Male,182.48.243.32
844,Wernher,Skewis,wskewisnf@alexa.com,Male,111.193.209.208
845,Terri,Hodgen,thodgenng@zdnet.com,Female,2.59.129.151
846,Pippy,Artois,partoisnh@reuters.com,Female,83.136.29.249
847,Shell,Angus,sangusni@mysql.com,Female,134.244.157.148
848,Guntar,Piddle,gpiddlenj@smugmug.com,Male,226.45.242.127
849,Suzie,Gaucher,sgauchernk@purevolume.com,Female,27.176.121.85
850,Larry,Bozier,lboziernl@state.tx.us,Male,159.236.121.1
851,Tucky,Tonn,ttonnnm@ted.com,Male,193.147.21.151
852,Peirce,Keuntje,pkeuntjenn@wix.com,Male,186.146.121.2
853,Trish,Forte,tforteno@mediafire.com,Female,144.93.219.121
854,Jefferson,Logie,jlogienp@nbcnews.com,Male,222.225.38.180
855,Stella,Pauleit,spauleitnq@twitter.com,Female,123.153.196.70
856,Goldarina,Brettell,gbrettellnr@adobe.com,Female,142.104.28.238
857,Lianne,Penketh,lpenkethns@1688.com,Female,143.151.83.235
858,Mortimer,Merrell,mmerrellnt@comcast.net,Male,222.24.191.162
859,Anna-diana,Sleney,asleneynu@ocn.ne.jp,Female,118.233.66.192
860,Christoforo,Wetherell,cwetherellnv@imgur.com,Male,208.55.97.18
861,Dani,Sighard,dsighardnw@wikipedia.org,Male,209.154.66.77
862,Anna,Casley,acasleynx@netvibes.com,Female,45.54.249.7
863,Payton,Carratt,pcarrattny@uiuc.edu,Male,221.6.79.210
864,Kimberly,Slogrove,kslogrovenz@si.edu,Female,20.110.17.178
865,Dex,Kewley,dkewleyo0@g.co,Male,81.239.199.229
866,Amelie,Norcliff,anorcliffo1@topsy.com,Female,152.193.97.14
867,Humphrey,Dering,hderingo2@woothemes.com,Male,172.24.14.114
868,Bennie,Caesman,bcaesmano3@ucoz.com,Female,186.67.127.53
869,Pablo,Boydell,pboydello4@creativecommons.org,Male,255.33.32.122
870,Josiah,Cummings,jcummingso5@com.com,Male,230.180.16.215
871,Willis,Masson,wmassono6@wikispaces.com,Male,89.198.76.187
872,Selina,Mully,smullyo7@smh.com.au,Female,14.222.39.199
873,Myrtie,Filippo,mfilippoo8@t-online.de,Female,129.64.131.102
874,Otha,Eve,oeveo9@opera.com,Female,254.79.227.201
875,Corney,Simony,csimonyoa@sitemeter.com,Male,161.50.232.228
876,Ursulina,Heakins,uheakinsob@wikipedia.org,Female,247.90.26.53
877,Glenna,Lipmann,glipmannoc@deviantart.com,Female,102.1.67.222
878,Somerset,Dorot,sdorotod@latimes.com,Male,63.78.5.117
879,Corri,Hulme,chulmeoe@sitemeter.com,Genderqueer,141.141.28.204
880,Debera,Ollie,dollieof@nymag.com,Female,238.112.114.97
881,Georgie,Dodle,gdodleog@elegantthemes.com,Male,53.45.105.4
882,Archibaldo,Pettecrew,apettecrewoh@icio.us,Male,213.170.198.37
883,Matias,Harrhy,mharrhyoi@bizjournals.com,Male,44.128.232.45
884,Alysia,Bolland,abollandoj@wikipedia.org,Female,35.203.239.178
885,Garreth,Brogan,gbroganok@cisco.com,Male,179.33.216.48
886,Rivy,De L'Isle,rdelisleol@google.com,Female,21.184.58.162
887,Raymund,Franseco,rfransecoom@usa.gov,Male,64.135.138.4
888,Sibyl,MacKill,smackillon@amazon.co.uk,Male,175.189.172.182
889,Gustav,Hasard,ghasardoo@comcast.net,Male,231.29.204.37
890,Cameron,Etock,cetockop@e-recht24.de,Male,35.58.173.156
891,Cristie,Crew,ccrewoq@princeton.edu,Female,38.102.37.72
892,Brandyn,Kale,bkaleor@ihg.com,Genderfluid,207.175.116.243
893,Jourdain,Filasov,jfilasovos@weather.com,Male,2.146.32.242
894,Loree,de Savery,ldesaveryot@cnbc.com,Female,105.239.1.71
895,Shae,Jamison,sjamisonou@liveinternet.ru,Female,200.106.18.23
896,Webb,Benwell,wbenwellov@wordpress.com,Male,181.207.78.235
897,Janis,Dannell,jdannellow@hc360.com,Female,145.116.110.36
898,Siobhan,Sollom,ssollomox@craigslist.org,Female,53.46.160.151
899,Creight,Ludford,cludfordoy@bloglovin.com,Male,35.97.5.248
900,Jeffry,Kerrey,jkerreyoz@wordpress.org,Male,147.167.66.33
901,Garrard,Marchington,gmarchingtonp0@cam.ac.uk,Male,166.112.217.18
902,Stoddard,Glastonbury,sglastonburyp1@goo.ne.jp,Female,77.242.247.141
903,Clare,Messer,cmesserp2@angelfire.com,Male,167.17.135.255
904,Ethelred,Breckell,ebreckellp3@wordpress.org,Male,166.88.183.111
905,Sander,Bugg,sbuggp4@ocn.ne.jp,Male,86.189.230.142
906,Rozina,Reddington,rreddingtonp5@weather.com,Female,230.172.124.167
907,Karlens,Paraman,kparamanp6@amazon.co.jp,Male,46.181.71.58
908,Allegra,Gostick,agostickp7@comsenz.com,Female,61.72.253.68
909,Tammi,Arrington,tarringtonp8@jiathis.com,Female,29.148.90.251
910,Leanora,Inseal,linsealp9@omniture.com,Female,47.84.16.213
911,Rik,Hanrahan,rhanrahanpa@wikimedia.org,Male,5.182.207.117
912,Emanuele,Wortman,ewortmanpb@symantec.com,Male,154.29.92.62
913,Nathanael,Hammett,nhammettpc@scribd.com,Male,10.139.74.125
914,Abeu,Jakoubec,ajakoubecpd@oracle.com,Male,197.44.228.3
915,Burnard,Buscher,bbuscherpe@jigsy.com,Male,184.126.30.28
916,Sophronia,Jullian,sjullianpf@zdnet.com,Female,147.28.173.254
917,Ramon,Giriardelli,rgiriardellipg@adobe.com,Male,186.180.65.98
918,Cindra,Hucquart,chucquartph@mozilla.org,Female,83.57.76.124
919,Marcia,Conaboy,mconaboypi@unesco.org,Female,3.12.76.94
920,Alvis,Voice,avoicepj@oaic.gov.au,Agender,56.185.194.10
921,Pauly,Jeggo,pjeggopk@businesswire.com,Female,123.0.13.61
922,Dorella,Beglin,dbeglinpl@cnbc.com,Female,94.137.234.240
923,Peirce,Brookwell,pbrookwellpm@slate.com,Male,183.169.185.173
924,Cchaddie,Ashfull,cashfullpn@narod.ru,Non-binary,251.113.49.246
925,Jessy,Doghartie,jdoghartiepo@seattletimes.com,Female,31.163.142.180
926,Willabella,Divine,wdivinepp@bandcamp.com,Female,244.179.126.198
927,Rooney,Bezant,rbezantpq@sbwire.com,Male,56.170.132.28
928,Ellwood,Lovekin,elovekinpr@google.co.jp,Male,82.70.192.83
929,Jacky,Frosdick,jfrosdickps@indiegogo.com,Male,247.245.198.31
930,Barbara-anne,Mc Trusty,bmctrustypt@nymag.com,Female,205.251.72.53
931,Mikkel,McLorinan,mmclorinanpu@cnbc.com,Male,219.47.211.68
932,Fredrika,Annandale,fannandalepv@usnews.com,Female,193.183.174.81
933,Ruby,Yuille,ryuillepw@jimdo.com,Female,107.204.36.81
934,Darrick,Pimbley,dpimbleypx@purevolume.com,Male,225.114.102.177
935,Laurent,Playdon,lplaydonpy@so-net.ne.jp,Male,201.202.166.136
936,Thomasa,Norker,tnorkerpz@w3.org,Female,253.251.248.148
937,Glendon,Madgwick,gmadgwickq0@gizmodo.com,Male,242.133.181.65
938,Camille,Pettifor,cpettiforq1@kickstarter.com,Genderfluid,33.147.218.114
939,Orlando,Winterburn,owinterburnq2@amazonaws.com,Male,42.191.52.113
940,Fanechka,Chaplain,fchaplainq3@i2i.jp,Female,39.91.50.60
941,Adelaida,Hawick,ahawickq4@usgs.gov,Female,59.193.5.83
942,Boyce,Peverell,bpeverellq5@sciencedirect.com,Bigender,10.5.197.155
943,Donella,Eadington,deadingtonq6@cloudflare.com,Female,222.53.188.62
944,Englebert,Stubbins,estubbinsq7@trellian.com,Male,200.93.105.196
945,Lian,Margett,lmargettq8@adobe.com,Female,130.184.213.52
946,Bengt,Hartland,bhartlandq9@microsoft.com,Male,133.150.184.128
947,See,Trenouth,strenouthqa@icq.com,Male,44.104.148.241
948,Maribeth,Primarolo,mprimaroloqb@sun.com,Female,37.110.212.212
949,Marv,Heinsh,mheinshqc@discuz.net,Male,235.35.67.147
950,Noah,McKeurton,nmckeurtonqd@homestead.com,Male,193.117.215.0
951,Cyrille,Tilio,ctilioqe@ask.com,Male,173.186.105.242
952,Shena,Seiller,sseillerqf@technorati.com,Female,36.98.76.15
953,Lisha,Braunroth,lbraunrothqg@infoseek.co.jp,Female,103.245.196.254
954,Jocelyn,Lovitt,jlovittqh@latimes.com,Female,169.84.157.249
955,Gannon,Gall,ggallqi@liveinternet.ru,Non-binary,174.166.18.120
956,Mason,Jerdon,mjerdonqj@hugedomains.com,Male,5.206.4.173
957,Paulette,Scottini,pscottiniqk@businessweek.com,Female,235.125.93.216
958,Vivie,Sheals,vshealsql@merriam-webster.com,Non-binary,196.204.217.130
959,Aldin,Rutherforth,arutherforthqm@apple.com,Male,140.178.30.231
960,Brunhilda,Cossor,bcossorqn@google.es,Female,165.173.141.34
961,Miriam,Piddle,mpiddleqo@hhs.gov,Female,95.47.55.250
962,Efren,Mungan,emunganqp@webeden.co.uk,Genderfluid,153.126.10.89
963,Hubert,Hardesty,hhardestyqq@examiner.com,Male,91.175.187.137
964,Ruthann,Leber,rleberqr@huffingtonpost.com,Female,190.247.9.115
965,Terry,Valiant,tvaliantqs@utexas.edu,Male,203.11.193.245
966,Cathyleen,Gillebert,cgillebertqt@discuz.net,Female,133.119.243.90
967,Kelcey,Featherstone,kfeatherstonequ@wiley.com,Genderfluid,234.38.0.54
968,Dill,Wallbanks,dwallbanksqv@constantcontact.com,Male,202.180.31.70
969,Gian,Sangster,gsangsterqw@discuz.net,Male,170.21.177.99
970,Muriel,Ioannidis,mioannidisqx@dot.gov,Female,27.57.233.63
971,Zedekiah,Nickoles,znickolesqy@cam.ac.uk,Male,207.112.150.99
972,Glad,Muckloe,gmuckloeqz@imageshack.us,Female,209.186.2.205
973,Morey,Lightbown,mlightbownr0@bbb.org,Male,36.19.89.189
974,Curran,Brame,cbramer1@pen.io,Male,213.95.90.179
975,Bentley,Berg,bbergr2@ask.com,Male,141.200.242.73
976,Abe,Wing,awingr3@dot.gov,Male,12.184.47.142
977,Donaugh,Doberer,ddobererr4@virginia.edu,Bigender,28.12.211.139
978,Alexis,Ridesdale,aridesdaler5@wikia.com,Female,100.254.219.91
979,Cass,McPhaden,cmcphadenr6@godaddy.com,Male,10.172.149.71
980,Stepha,Costi,scostir7@php.net,Female,169.181.164.86
981,Sammy,Sacchetti,ssacchettir8@gravatar.com,Female,249.46.203.209
982,Malia,Baniard,mbaniardr9@barnesandnoble.com,Female,52.98.33.77
983,Teresina,Kingcote,tkingcotera@google.com.hk,Female,58.163.237.206
984,Marty,Gowan,mgowanrb@dailymotion.com,Female,125.44.213.162
985,Dexter,Castelli,dcastellirc@paypal.com,Male,189.196.197.150
986,Patton,Fawson,pfawsonrd@nationalgeographic.com,Male,72.146.82.133
987,Celka,Bollon,cbollonre@mayoclinic.com,Female,232.103.184.214
988,Husain,Ellingford,hellingfordrf@washingtonpost.com,Male,234.243.181.246
989,Wilhelmine,Odney,wodneyrg@weebly.com,Female,170.158.164.204
990,Gregory,Dumbrill,gdumbrillrh@redcross.org,Male,123.106.115.74
991,Kassie,Laughren,klaughrenri@indiatimes.com,Female,198.139.106.200
992,Wendi,Brinkler,wbrinklerrj@behance.net,Female,42.157.111.6
993,Erin,Jeannet,ejeannetrk@walmart.com,Female,9.29.222.65
994,Daphene,Bulleyn,dbulleynrl@senate.gov,Female,255.160.115.123
995,Bryn,Penylton,bpenyltonrm@mediafire.com,Male,247.146.170.73
996,Maurizio,Hulkes,mhulkesrn@gmpg.org,Male,41.37.1.13
997,Balduin,Sansbury,bsansburyro@desdev.cn,Agender,217.233.86.74
998,Anselm,McParland,amcparlandrp@ask.com,Male,251.184.42.13
999,Conrad,Lampett,clampettrq@businessinsider.com,Male,127.231.230.220
1000,Josselyn,Stockow,jstockowrr@netscape.com,Female,95.244.43.118
